{
    "NUM_BODIES"    : 2,
    
    "NUM_STEPS"     : 11,

    "NAMES"         : [
        "Sun",
        "Earth"
    ],

    "MASSES"        : [
        1.989e+30,
        5.972e+24
    ],

    "RADII"         : [
        6.957e+08,
        6.371e+06
    ],

    "TRAJECTORIES"  : [
        "0: 0.000000 0.000000 -147095000000.000000 0.000000",
        "1: 0.000000 0.000000 -147072101026.950928 -2617784148.577663",
        "2: 0.000000 0.000000 -147003411607.748016 -5234753260.311548",
        "3: -618.728426 -6.117642 -146888954238.320557 -7850092591.633291",
        "4: -1099.809051 -17.127547 -146728766402.412018 -10462987985.414804",
        "5: -1718.121029 -36.696605 -146522900554.341034 -13072626163.748587",
        "6: -2473.484419 -67.265007 -146271424097.558228 -15678195020.307295",
        "7: -3365.674431 -111.268990 -145974419356.018890 -18278883912.050716",
        "8: -4394.421530 -171.139960 -145631983539.419617 -20873883950.148693",
        "9: -5559.411546 -249.303621 -145244228702.174377 -23462388289.960598",
        "10: -6860.285808 -348.179103 -144811281696.160217 -26043592419.916538"
    ]
}