{
    "NUM_BODIES": 2,
    "NUM_STEPS": 15,
    "NAMES": [
        "Sun",
        "Earth"
    ],
    "MASSES": [
        1.989e+30,
        5.972e+24
    ],
    "RADII": [
        695700000.0,
        6371000.0
    ],
    "TRAJECTORIES": [
        "0 0 0 -147095000000.0 0.0",
        "1 0 0 -147075917767.42215 -2617818115.398565",
        "2 0 0 -147011043296.79327 -5234957050.826231",
        "3 0 0 -146900398960.33618 -7850602090.673244",
        "4 0 0 -146744022117.1769 -10463939141.547817",
        "5 0 0 -146541965098.34317 -13074155025.329601",
        "6 0 0 -146294295185.41537 -15680437771.904268",
        "7 0 0 -146001094582.83615 -18281976911.420303",
        "8 0 0 -145662460383.88892 -20877963765.909172",
        "9 0 0 -145278504530.36053 -23467591740.110275",
        "10 0 0 -144849353765.90842 -26050056611.34256",
        "11 0 0 -144375149583.15634 -28624556818.26514",
        "12 0 0 -143856048164.5485 -31190293748.370117",
        "13 0 0 -143292220316.9957 -33746472024.051613",
        "14 0 0 -142683851400.3522 -36292299787.09612"
    ]
}